{"intercept": 772.8950520940506, "coefficient": [0.10661742577464574, 0.17832576433555708]}