{"intercept": 876.0521299681343, "coefficient": [-0.0011441056223875242, 0.12098990302435686, 0.6925319650304005]}